s1,TV Show,3%,null,João Miguel, Bianca Comparato, Michel Gomes, Rodolfo Valente, Vaneza Oliveira, Rafael Lozano, Viviane Porto, Mel Fronckowiak, Sergio Mamberti, Zezé Motta, Celso Frateschi,Brazil,"August 14, 2020",2020,TV-MA,4 Seasons,"International TV Shows, TV Dramas, TV Sci-Fi & Fantasy","In a future where the elite inhabit an island paradise far from the crowded slums, you get one chance to join the 3% saved from squalor."
s1,TV Show,3%,null,João Miguel, Bianca Comparato, Michel Gomes, Rodolfo Valente, Vaneza Oliveira, Rafael Lozano, Viviane Porto, Mel Fronckowiak, Sergio Mamberti, Zezé Motta, Celso Frateschi,Brazil,"August 14, 2020",2020,TV-MA,4 Seasons,"International TV Shows, TV Dramas, TV Sci-Fi & Fantasy","In a future where the elite inhabit an island paradise far from the crowded slums, you get one chance to join the 3% saved from squalor."
s1,TV Show,3%,null,João Miguel, Bianca Comparato, Michel Gomes, Rodolfo Valente, Vaneza Oliveira, Rafael Lozano, Viviane Porto, Mel Fronckowiak, Sergio Mamberti, Zezé Motta, Celso Frateschi,Brazil,"August 14, 2020",2020,TV-MA,4 Seasons,"International TV Shows, TV Dramas, TV Sci-Fi & Fantasy","In a future where the elite inhabit an island paradise far from the crowded slums, you get one chance to join the 3% saved from squalor."
s1,TV Show,3%,null,João Miguel, Bianca Comparato, Michel Gomes, Rodolfo Valente, Vaneza Oliveira, Rafael Lozano, Viviane Porto, Mel Fronckowiak, Sergio Mamberti, Zezé Motta, Celso Frateschi,Brazil,"August 14, 2020",2020,TV-MA,4 Seasons,"International TV Shows, TV Dramas, TV Sci-Fi & Fantasy","In a future where the elite inhabit an island paradise far from the crowded slums, you get one chance to join the 3% saved from squalor."
s10,Movie,1920,Vikram Bhatt,Rajneesh Duggal, Adah Sharma, Indraneil Sengupta, Anjori Alagh, Rajendranath Zutshi, Vipin Sharma, Amin Hajee, Shri Vallabh Vyas,India,"December 15, 2017",2008,TV-MA,143 min,"Horror Movies, International Movies, Thrillers",An architect and his wife move into a castle that is slated to become a luxury hotel. But something inside is determined to stop the renovation.
s10,Movie,1920,Vikram Bhatt,Rajneesh Duggal, Adah Sharma, Indraneil Sengupta, Anjori Alagh, Rajendranath Zutshi, Vipin Sharma, Amin Hajee, Shri Vallabh Vyas,India,"December 15, 2017",2008,TV-MA,143 min,"Horror Movies, International Movies, Thrillers",An architect and his wife move into a castle that is slated to become a luxury hotel. But something inside is determined to stop the renovation.
s10,Movie,1920,Vikram Bhatt,Rajneesh Duggal, Adah Sharma, Indraneil Sengupta, Anjori Alagh, Rajendranath Zutshi, Vipin Sharma, Amin Hajee, Shri Vallabh Vyas,India,"December 15, 2017",2008,TV-MA,143 min,"Horror Movies, International Movies, Thrillers",An architect and his wife move into a castle that is slated to become a luxury hotel. But something inside is determined to stop the renovation.
s10,Movie,1920,Vikram Bhatt,Rajneesh Duggal, Adah Sharma, Indraneil Sengupta, Anjori Alagh, Rajendranath Zutshi, Vipin Sharma, Amin Hajee, Shri Vallabh Vyas,India,"December 15, 2017",2008,TV-MA,143 min,"Horror Movies, International Movies, Thrillers",An architect and his wife move into a castle that is slated to become a luxury hotel. But something inside is determined to stop the renovation.
s10,Movie,1920,Vikram Bhatt,Rajneesh Duggal, Adah Sharma, Indraneil Sengupta, Anjori Alagh, Rajendranath Zutshi, Vipin Sharma, Amin Hajee, Shri Vallabh Vyas,India,"December 15, 2017",2008,TV-MA,143 min,"Horror Movies, International Movies, Thrillers",An architect and his wife move into a castle that is slated to become a luxury hotel. But something inside is determined to stop the renovation.
s10,Movie,1920,Vikram Bhatt,Rajneesh Duggal, Adah Sharma, Indraneil Sengupta, Anjori Alagh, Rajendranath Zutshi, Vipin Sharma, Amin Hajee, Shri Vallabh Vyas,India,"December 15, 2017",2008,TV-MA,143 min,"Horror Movies, International Movies, Thrillers",An architect and his wife move into a castle that is slated to become a luxury hotel. But something inside is determined to stop the renovation.
s100,Movie,3 Heroines,Iman Brotoseno,Reza Rahadian, Bunga Citra Lestari, Tara Basro, Chelsea Islan,Indonesia,"January 5, 2019",2016,TV-PG,124 min,"Dramas, International Movies, Sports Movies",Three Indonesian women break records by becoming the first of their nation to medal in archery at the Seoul Olympics in the summer of 1988.
s100,Movie,3 Heroines,Iman Brotoseno,Reza Rahadian, Bunga Citra Lestari, Tara Basro, Chelsea Islan,Indonesia,"January 5, 2019",2016,TV-PG,124 min,"Dramas, International Movies, Sports Movies",Three Indonesian women break records by becoming the first of their nation to medal in archery at the Seoul Olympics in the summer of 1988.
s100,Movie,3 Heroines,Iman Brotoseno,Reza Rahadian, Bunga Citra Lestari, Tara Basro, Chelsea Islan,Indonesia,"January 5, 2019",2016,TV-PG,124 min,"Dramas, International Movies, Sports Movies",Three Indonesian women break records by becoming the first of their nation to medal in archery at the Seoul Olympics in the summer of 1988.
s100,Movie,3 Heroines,Iman Brotoseno,Reza Rahadian, Bunga Citra Lestari, Tara Basro, Chelsea Islan,Indonesia,"January 5, 2019",2016,TV-PG,124 min,"Dramas, International Movies, Sports Movies",Three Indonesian women break records by becoming the first of their nation to medal in archery at the Seoul Olympics in the summer of 1988.
s100,Movie,3 Heroines,Iman Brotoseno,Reza Rahadian, Bunga Citra Lestari, Tara Basro, Chelsea Islan,Indonesia,"January 5, 2019",2016,TV-PG,124 min,"Dramas, International Movies, Sports Movies",Three Indonesian women break records by becoming the first of their nation to medal in archery at the Seoul Olympics in the summer of 1988.
s101,Movie,3 Idiots,Rajkumar Hirani,Aamir Khan, Kareena Kapoor, Madhavan, Sharman Joshi, Omi Vaidya, Boman Irani, Mona Singh, Javed Jaffrey,India,"August 1, 2019",2009,PG-13,164 min,"Comedies, Dramas, International Movies","While attending one of India s premier colleges, three miserable engineering students and best friends struggle to beat the school s draconian system."
s101,Movie,3 Idiots,Rajkumar Hirani,Aamir Khan, Kareena Kapoor, Madhavan, Sharman Joshi, Omi Vaidya, Boman Irani, Mona Singh, Javed Jaffrey,India,"August 1, 2019",2009,PG-13,164 min,"Comedies, Dramas, International Movies","While attending one of India s premier colleges, three miserable engineering students and best friends struggle to beat the school s draconian system."
s101,Movie,3 Idiots,Rajkumar Hirani,Aamir Khan, Kareena Kapoor, Madhavan, Sharman Joshi, Omi Vaidya, Boman Irani, Mona Singh, Javed Jaffrey,India,"August 1, 2019",2009,PG-13,164 min,"Comedies, Dramas, International Movies","While attending one of India s premier colleges, three miserable engineering students and best friends struggle to beat the school s draconian system."
s101,Movie,3 Idiots,Rajkumar Hirani,Aamir Khan, Kareena Kapoor, Madhavan, Sharman Joshi, Omi Vaidya, Boman Irani, Mona Singh, Javed Jaffrey,India,"August 1, 2019",2009,PG-13,164 min,"Comedies, Dramas, International Movies","While attending one of India s premier colleges, three miserable engineering students and best friends struggle to beat the school s draconian system."
s101,Movie,3 Idiots,Rajkumar Hirani,Aamir Khan, Kareena Kapoor, Madhavan, Sharman Joshi, Omi Vaidya, Boman Irani, Mona Singh, Javed Jaffrey,India,"August 1, 2019",2009,PG-13,164 min,"Comedies, Dramas, International Movies","While attending one of India s premier colleges, three miserable engineering students and best friends struggle to beat the school s draconian system."
s102,Movie,3 Seconds Divorce,Shazia Javed,null,Canada,"June 15, 2019",2018,TV-PG,53 min,"Documentaries, Faith & Spirituality","A Muslim women s activist group in India protests against oral divorces, starting a movement to reclaim their religious and constitutional rights."
s102,Movie,3 Seconds Divorce,Shazia Javed,null,Canada,"June 15, 2019",2018,TV-PG,53 min,"Documentaries, Faith & Spirituality","A Muslim women s activist group in India protests against oral divorces, starting a movement to reclaim their religious and constitutional rights."
s102,Movie,3 Seconds Divorce,Shazia Javed,null,Canada,"June 15, 2019",2018,TV-PG,53 min,"Documentaries, Faith & Spirituality","A Muslim women s activist group in India protests against oral divorces, starting a movement to reclaim their religious and constitutional rights."
s103,Movie,3 Türken & ein Baby,Sinan Akkuş,Kostja Ullmann, Eko Fresh, Kida Khodr Ramadan, Sabrina Klüber, Sami Nasser, Kayla Rybicka, Jytte-Merle Böhrnsen, Emrah Erdogru, Tim Grothe, Hülya Duyar,Germany,"December 15, 2016",2015,TV-MA,93 min,"Comedies, International Movies",The lives of three dissatisfied brothers running a family bridal shop turn topsy-turvy when one of them has to care for his ex-girlfriend s baby.
s103,Movie,3 Türken & ein Baby,Sinan Akkuş,Kostja Ullmann, Eko Fresh, Kida Khodr Ramadan, Sabrina Klüber, Sami Nasser, Kayla Rybicka, Jytte-Merle Böhrnsen, Emrah Erdogru, Tim Grothe, Hülya Duyar,Germany,"December 15, 2016",2015,TV-MA,93 min,"Comedies, International Movies",The lives of three dissatisfied brothers running a family bridal shop turn topsy-turvy when one of them has to care for his ex-girlfriend s baby.
s103,Movie,3 Türken & ein Baby,Sinan Akkuş,Kostja Ullmann, Eko Fresh, Kida Khodr Ramadan, Sabrina Klüber, Sami Nasser, Kayla Rybicka, Jytte-Merle Böhrnsen, Emrah Erdogru, Tim Grothe, Hülya Duyar,Germany,"December 15, 2016",2015,TV-MA,93 min,"Comedies, International Movies",The lives of three dissatisfied brothers running a family bridal shop turn topsy-turvy when one of them has to care for his ex-girlfriend s baby.
s103,Movie,3 Türken & ein Baby,Sinan Akkuş,Kostja Ullmann, Eko Fresh, Kida Khodr Ramadan, Sabrina Klüber, Sami Nasser, Kayla Rybicka, Jytte-Merle Böhrnsen, Emrah Erdogru, Tim Grothe, Hülya Duyar,Germany,"December 15, 2016",2015,TV-MA,93 min,"Comedies, International Movies",The lives of three dissatisfied brothers running a family bridal shop turn topsy-turvy when one of them has to care for his ex-girlfriend s baby.
s104,Movie,30 Days of Luxury,Hani Hamdi,Taher Farouz, Sad Al-Saghir, Ahmad Faloks, Soleiman Eid, Mahmood El-Laithi, Hesham Ismail, Shaima Saif, Nermin Maher, Sofinar,Egypt,"April 18, 2019",2016,TV-14,91 min,"Comedies, International Movies","With the help of his friends, a man breaks out of prison in hopes of restoring a lively nightclub."
s104,Movie,30 Days of Luxury,Hani Hamdi,Taher Farouz, Sad Al-Saghir, Ahmad Faloks, Soleiman Eid, Mahmood El-Laithi, Hesham Ismail, Shaima Saif, Nermin Maher, Sofinar,Egypt,"April 18, 2019",2016,TV-14,91 min,"Comedies, International Movies","With the help of his friends, a man breaks out of prison in hopes of restoring a lively nightclub."
s104,Movie,30 Days of Luxury,Hani Hamdi,Taher Farouz, Sad Al-Saghir, Ahmad Faloks, Soleiman Eid, Mahmood El-Laithi, Hesham Ismail, Shaima Saif, Nermin Maher, Sofinar,Egypt,"April 18, 2019",2016,TV-14,91 min,"Comedies, International Movies","With the help of his friends, a man breaks out of prison in hopes of restoring a lively nightclub."
s104,Movie,30 Days of Luxury,Hani Hamdi,Taher Farouz, Sad Al-Saghir, Ahmad Faloks, Soleiman Eid, Mahmood El-Laithi, Hesham Ismail, Shaima Saif, Nermin Maher, Sofinar,Egypt,"April 18, 2019",2016,TV-14,91 min,"Comedies, International Movies","With the help of his friends, a man breaks out of prison in hopes of restoring a lively nightclub."
